<?xml version="1.0" encoding="UTF-8"?>
<beans
	xmlns="http://www.springframework.org/schema/beans"
	xmlns:xsi="http://www.w3.org/2001/XMLSchema-instance"
	xmlns:p="http://www.springframework.org/schema/p"
	xsi:schemaLocation="http://www.springframework.org/schema/beans http://www.springframework.org/schema/beans/spring-beans-3.0.xsd">

<!--  déclaration du bean/injection par constructeur -->
    <bean id="q" class="com.phdareys.bean.ManageList">  
    		<!--   le paramètre name n'est pas forcément nécessaire, il y a de l'auto-typage pour déterminerles propriétés affectées -->
		<constructor-arg value="Color cards are? "></constructor-arg>  
		<constructor-arg >  
			<list>  
				<value>Diamond</value>  
				<value>Club</value>  
				<value>Spade</value>  
				<value>Hearts</value>  
			</list>  
		</constructor-arg>  
	</bean>  
    <bean id="q2" class="com.phdareys.bean.ManageList">  
    		<!--   le paramètre name n'est pas forcément nécessaire, il y a de l'auto-typage pour déterminerles propriétés affetées -->
		<constructor-arg type="String" value="The best Football Player is? "></constructor-arg>  
		<constructor-arg>  
			<list>  
				<value>Messi</value>  
				<value>Neymar</value>  
				<value>Zidane</value>  
				<value>MBappé</value>  
			</list>  
		</constructor-arg>  
	</bean> 
	<bean id="annuaireXML" class="com.phdareys.bean.Directory">
        <constructor-arg value="Annuaire phone Book"></constructor-arg>
        <constructor-arg>
            <map>
                <entry key="Dubois" value="063668923"></entry>
                <entry key="Durand" value="063668955"></entry>
                <entry key="Martin" value="054598923"></entry>
                <entry key="Doe" value="084598923"></entry>
                <entry key="Smith" value="114598923"></entry>
            </map>
        </constructor-arg>
    </bean> 
	<bean id="annuaireXML2" class="com.phdareys.bean.Directory">
        <constructor-arg value="Best Movies By Director"></constructor-arg>
        <constructor-arg>
            <map>
                <entry key="Godard" value="Pierrot Le Fou"></entry>
                <entry key="Truffaut" value="La Sirène du Mississipi"></entry>
                <entry key="Welles" value="Touch of Evil"></entry>
                <entry key="Nolan" value="Dunkerque"></entry>
             </map>
        </constructor-arg>
    </bean> 
  
</beans>