<?xml version='1.0' encoding='UTF-8'?>  
<!DOCTYPE hibernate-configuration PUBLIC
       "-//Hibernate/Hibernate Configuration DTD 3.0//EN"
"http://hibernate.org/dtd/hibernate-configuration-3.0.dtd">

  	<!-- config Hibernate -->
<hibernate-configuration>  
    <session-factory>
		<property name="hbm2ddl.auto">create</property> <!-- mode create -->
		<property name="hibernate.dialect">
			org.hibernate.dialect.MySQL5Dialect
		</property>
		<property name="hibernate.connection.driver_class">
			com.mysql.cj.jdbc.Driver
		</property>
		<property name="hibernate.connection.url">
			jdbc:mysql://localhost:3308/test?serverTimezone=UTC
		</property>
		<property name="hibernate.connection.username">root</property>
		<property name="hibernate.connection.password"></property>
		<property name="show_sql">true</property> <!--  mode debug -->
		<property name="format_sql">true</property>	
		
		<!-- List of XML mapping files -->
		<mapping resource="employee.hbm.xml" />
		
	</session-factory>
</hibernate-configuration>  