<?xml version="1.0" encoding="UTF-8"?>
<beans xmlns="http://www.springframework.org/schema/beans"
	xmlns:xsi="http://www.w3.org/2001/XMLSchema-instance"
	xmlns:p="http://www.springframework.org/schema/p"
	xsi:schemaLocation="http://www.springframework.org/schema/beans http://www.springframework.org/schema/beans/spring-beans-3.0.xsd">

	<!-- injection par setter/getter: 
		équivalent à : new BankLoan (), ie le constructeur vide; 
		puis setAmount(), setMonthsNb(), setRate())-->
	<bean id="simu10ans" class="com.phdareys.bank.bean.BankLoan">
		<property name="amount" value="100000"></property>
		<property name="monthsNb" value="120"></property>
		<property name="rate" value="0.02"></property>
	</bean>
	<!-- injection par constructeur : 
		équivalent à : new BankLoan (amount, monthsNb, rate)-->
	<bean id="simu20ans" class="com.phdareys.bank.bean.BankLoan">
		<constructor-arg name="amount" value="400000"></constructor-arg>
		<constructor-arg name="monthsNb" value="240"></constructor-arg>
		<constructor-arg name="rate" value="0.04"></constructor-arg>
	</bean>
	<bean id="simu20ans-bis" class="com.phdareys.bank.bean.BankLoan">
		<constructor-arg name="amount" value="400000"></constructor-arg>
		<constructor-arg name="monthsNb" value="240"></constructor-arg>
	</bean>
	<bean id="simu25ans" class="com.phdareys.bank.bean.BankLoan">
		<constructor-arg name="amount" value="400000"></constructor-arg>
		<constructor-arg name="monthsNb" value="300"></constructor-arg>
		<constructor-arg name="rate" value="0.04"></constructor-arg>
	</bean>
	<bean id="simu30ans" class="com.phdareys.bank.bean.BankLoan">
		<constructor-arg name="amount" value="500000"></constructor-arg>
		<constructor-arg name="monthsNb" value="360"></constructor-arg>
		<constructor-arg name="rate" value="0.01"></constructor-arg>
	</bean>

</beans>